repeat,sample,opt_obj,upper_bound,lower_bound,total_iterations,exact_iterations,inexact_iterations,total_time,total_time_master,total_time_subproblem_exact,total_time_subproblem_pdl,investments
0,0,26047087.832061738,26047087.832061715,26047087.832061715,46,29,17,0.5404500961303711,0.2845499515533447,0.24169278144836426,0.01420736312866211,"[86.0, 1.0, 254.0, -0.0, 62.0, -0.0]"
0,1,31283421.92228425,31283421.92228425,31283421.92228425,47,37,10,0.5873057842254639,0.2301323413848877,0.34609436988830566,0.011079072952270508,"[100.0, -0.0, 234.0, -0.0, 68.0, -0.0]"
0,2,30854735.95156652,30854735.951566502,30854735.9515665,48,40,8,0.6707632541656494,0.3354835510253906,0.3282918930053711,0.006987810134887695,"[102.0, -0.0, 247.0, -0.0, 61.0, -0.0]"
0,3,31778768.829191282,31778768.829191267,31778768.829191275,53,43,10,0.7295277118682861,0.34879064559936523,0.3697826862335205,0.01095438003540039,"[83.0, 12.0, 256.0, -0.0, 70.0, -0.0]"
0,4,33006522.664473403,33006522.66447337,33006522.664473366,53,44,9,0.6830043792724609,0.31000471115112305,0.36507558822631836,0.007924079895019531,"[90.0, 14.0, 251.0, -0.0, 73.0, 1.0]"
0,5,34156576.33073264,34156576.33073263,34156576.330732636,50,44,6,0.692941427230835,0.2966794967651367,0.3903682231903076,0.005893707275390625,"[95.0, -0.0, 252.0, -0.0, 69.0, -0.0]"
0,6,32683277.264786474,32683277.26478646,32683277.26478646,51,43,8,0.697974443435669,0.33319950103759766,0.3578064441680908,0.006968498229980469,"[115.0, -0.0, 260.0, -0.0, 74.0, -0.0]"
0,7,33045526.57953956,33045526.579539575,33045526.579539567,54,44,10,0.7239680290222168,0.3478415012359619,0.36694860458374023,0.009177923202514648,"[149.0, 1.0, 249.0, -0.0, 73.0, -0.0]"
0,8,33251283.422663897,33251283.422663935,33251283.422663935,62,53,9,1.0853970050811768,0.6269145011901855,0.4506521224975586,0.007830381393432617,"[76.0, 24.0, 238.0, 2073.0, 70.0, -0.0]"
0,9,29969433.549330022,29969433.549329996,29969433.549329996,69,60,9,1.176142692565918,0.6667907238006592,0.49979281425476074,0.009559154510498047,"[107.0, -0.0, 249.0, 3461.0, 66.0, -0.0]"
0,10,29335473.39452561,29335473.394525606,29335473.394525606,77,67,10,1.507659912109375,0.9071896076202393,0.5914907455444336,0.008979558944702148,"[88.0, 4.0, 243.0, 3302.0, 64.0, -0.0]"
0,11,27080523.14145828,27080523.141458306,27080523.141458303,73,61,12,1.445347785949707,0.8930683135986328,0.5415565967559814,0.010722875595092773,"[70.0, 9.0, 251.0, 3260.0, 62.0, -0.0]"
0,12,28335724.44464225,28335724.44464224,28335724.44464224,70,60,10,1.2379710674285889,0.7178905010223389,0.511688232421875,0.008392333984375,"[97.0, -0.0, 223.0, 3975.0, 60.0, -0.0]"
0,13,23489222.542684548,23489222.542684555,23489222.542684555,76,65,11,1.456434726715088,0.8972764015197754,0.5490102767944336,0.010148048400878906,"[65.0, 2.0, 226.0, 2659.0, 55.0, 18.0]"
0,14,24537275.69054854,24537275.69054851,24537275.690548506,69,59,10,1.3706848621368408,0.854179859161377,0.5050415992736816,0.011463403701782227,"[72.0, 1.0, 238.0, 3265.0, 55.0, -0.0]"
0,15,23208052.78681407,23208052.786814056,23208052.786814053,81,71,10,1.5735998153686523,0.9394943714141846,0.6240091323852539,0.010096311569213867,"[75.0, 1.0, 229.0, 2579.0, 53.0, -0.0]"
0,16,24662755.564500965,24662755.564500954,24662755.56450095,75,65,10,1.2794873714447021,0.6829137802124023,0.5878019332885742,0.008771657943725586,"[98.0, -0.0, 223.0, 2531.0, 58.0, -0.0]"
0,17,23558447.156528227,23558447.156528234,23558447.156528234,78,66,12,1.3527216911315918,0.7648200988769531,0.5775694847106934,0.010332107543945312,"[67.0, -0.0, 215.0, 3621.0, 53.0, -0.0]"
0,18,21189248.60992637,21189248.609926373,21189248.60992637,76,61,15,1.3010518550872803,0.7563762664794922,0.5317883491516113,0.012887239456176758,"[65.0, -0.0, 191.0, 2698.0, 52.0, 104.0]"
0,19,20324565.100870986,20324565.100870997,20324565.100870967,104,93,11,2.0056512355804443,1.1863641738891602,0.8082842826843262,0.011002779006958008,"[-0.0, 17.0, 184.0, 2497.0, 46.0, 439.0]"
0,20,18126230.692286234,18126230.692286268,18126230.69228627,104,94,10,2.144473075866699,1.2969131469726562,0.8388965129852295,0.008663415908813477,"[46.0, 14.0, 171.0, 2306.0, 39.0, 217.0]"
0,21,17353277.912773166,17353277.91277317,17353277.91277317,71,63,8,1.0526535511016846,0.49755120277404785,0.5484623908996582,0.006639957427978516,"[62.0, -0.0, 170.0, 2233.0, 40.0, -0.0]"
0,22,17844324.545853395,17844324.545853414,17844324.545853414,113,107,6,2.4904820919036865,1.5073907375335693,0.976372480392456,0.006718873977661133,"[52.0, 3.0, 169.0, 2297.0, 39.0, 35.0]"
0,23,19210399.622772664,19210399.622772686,19210399.62277269,92,85,7,1.8898038864135742,1.142275333404541,0.741502046585083,0.006026506423950195,"[58.0, -0.0, 185.0, 2938.0, 42.0, 101.0]"
0,24,16549886.033973323,16549886.033973332,16549886.033973329,69,50,19,0.8885703086853027,0.4331355094909668,0.43935179710388184,0.0160830020904541,"[56.0, -0.0, 170.0, 2432.0, 39.0, -0.0]"
0,25,16408315.113327542,16408315.113327544,16408315.113327544,108,100,8,2.0974044799804688,1.2011082172393799,0.8872952461242676,0.009001016616821289,"[52.0, 10.0, 162.0, 2391.0, 37.0, 147.0]"
0,26,16210636.112717444,16210636.112717435,16210636.112717435,89,83,6,1.5136222839355469,0.762319803237915,0.7461998462677002,0.005102634429931641,"[60.0, -0.0, 170.0, 2128.0, 37.0, 129.0]"
0,27,16985094.081602007,16985094.081602015,16985094.081602015,110,102,8,2.6653549671173096,1.7770349979400635,0.8808376789093018,0.007482290267944336,"[46.0, 20.0, 165.0, 2637.0, 38.0, 295.0]"
0,28,15428866.189266153,15428866.18926616,15428866.189266156,100,92,8,2.2204320430755615,1.4040513038635254,0.8095459938049316,0.006834745407104492,"[57.0, -0.0, 176.0, 2300.0, 37.0, 274.0]"
0,29,17804265.43480101,17804265.434800975,17804265.434800975,96,90,6,2.2161309719085693,1.4007508754730225,0.8087899684906006,0.006590127944946289,"[45.0, -0.0, 176.0, 3181.0, 38.0, 222.0]"
0,30,16440999.330924276,16440999.330924274,16440999.330924276,100,93,7,1.9148938655853271,1.0812807083129883,0.8253803253173828,0.008232831954956055,"[46.0, 4.0, 166.0, 2592.0, 39.0, 119.0]"
0,31,15949531.010276351,15949531.010276342,15949531.01027634,106,99,7,1.9970941543579102,1.0994703769683838,0.8907153606414795,0.006908416748046875,"[62.0, -0.0, 174.0, 2514.0, 35.0, 385.0]"
0,32,15833845.116530396,15833845.116530422,15833845.116530418,96,88,8,1.786597490310669,1.0220882892608643,0.756680965423584,0.007828235626220703,"[60.0, 1.0, 162.0, 2314.0, 38.0, 122.0]"
0,33,18452589.33319558,18452589.333195597,18452589.33319546,94,88,6,2.0651538372039795,1.283019781112671,0.7762792110443115,0.00585484504699707,"[45.0, 1.0, 177.0, 3290.0, 38.0, 245.0]"
0,34,17520820.193474054,17520820.193474066,17520820.193474066,102,96,6,2.2624387741088867,1.4070465564727783,0.8493716716766357,0.006020545959472656,"[60.0, 18.0, 163.0, 3120.0, 36.0, 301.0]"
0,35,16250464.717147708,16250464.717147708,16250464.717147708,119,110,9,3.153459072113037,2.1864278316497803,0.9593343734741211,0.007696866989135742,"[24.0, 2.0, 185.0, 2414.0, 37.0, 481.0]"
0,36,16991187.066727255,16991187.06672726,16991187.06672726,103,98,5,2.535412549972534,1.6278648376464844,0.9017298221588135,0.005817890167236328,"[52.0, -0.0, 182.0, 2130.0, 40.0, 402.0]"
0,37,17425794.496298473,17425794.496298477,17425794.49629837,107,101,6,2.5017495155334473,1.5949325561523438,0.9009356498718262,0.005881309509277344,"[40.0, 1.0, 180.0, 2609.0, 40.0, 274.0]"
0,38,16807415.41401359,16807415.41401358,16807415.41401358,104,95,9,1.945793628692627,1.1151628494262695,0.8221995830535889,0.008431196212768555,"[58.0, -0.0, 167.0, 2831.0, 34.0, 243.0]"
0,39,16443770.232125802,16443770.2321258,16443770.2321258,104,96,8,2.3202016353607178,1.465871810913086,0.8471829891204834,0.0071468353271484375,"[37.0, -0.0, 177.0, 2281.0, 40.0, 192.0]"
0,40,17520408.084075555,17520408.084075544,17520408.084075548,88,82,6,1.5989017486572266,0.8356335163116455,0.7581861019134521,0.005082130432128906,"[44.0, 3.0, 161.0, 2543.0, 40.0, 176.0]"
0,41,16038164.235844241,16038164.23584424,16038164.23584424,84,77,7,1.6452934741973877,0.9560451507568359,0.6831259727478027,0.0061223506927490234,"[43.0, -0.0, 158.0, 2780.0, 36.0, 191.0]"
0,42,14657922.124324346,14657922.12432435,14657922.124324266,80,73,7,1.5098025798797607,0.8722128868103027,0.6313827037811279,0.006206989288330078,"[-0.0, -0.0, 169.0, 2192.0, 34.0, 267.0]"
0,43,16028475.667349039,16028475.667349033,16028475.667349042,124,118,6,2.6683571338653564,1.627018928527832,1.0361275672912598,0.0052106380462646484,"[46.0, -0.0, 158.0, 2218.0, 36.0, 80.0]"
0,44,15802623.180114852,15802623.180114854,15802623.180114854,96,86,10,1.7654528617858887,0.9820549488067627,0.7739536762237549,0.009444236755371094,"[57.0, -0.0, 163.0, 2181.0, 34.0, 75.0]"
0,45,17310338.56754962,17310338.5675496,17310338.5675496,84,72,12,1.4660658836364746,0.8203566074371338,0.6339352130889893,0.011774063110351562,"[69.0, -0.0, 159.0, 2481.0, 33.0, 126.0]"
0,46,15817802.19130886,15817802.191308865,15817802.191308863,96,88,8,2.0142271518707275,1.2053158283233643,0.8015463352203369,0.007364988327026367,"[46.0, -0.0, 168.0, 2342.0, 34.0, 129.0]"
0,47,20052211.00257899,20052211.002579004,20052211.002579004,85,79,6,1.696012020111084,0.9797646999359131,0.7104830741882324,0.0057642459869384766,"[69.0, -0.0, 190.0, 3023.0, 39.0, 16.0]"
0,48,17677233.065249786,17677233.065249793,17677233.065249793,86,78,8,1.9257102012634277,1.2247560024261475,0.6937170028686523,0.00723719596862793,"[49.0, 2.0, 188.0, 2502.0, 38.0, 199.0]"
0,49,17709224.99598109,17709224.995981105,17709224.995981105,94,86,8,2.0481314659118652,1.2728362083435059,0.7679760456085205,0.007319211959838867,"[60.0, -0.0, 181.0, 2806.0, 38.0, 110.0]"
0,50,18443384.380119644,18443384.38011965,18443384.38011965,100,94,6,2.1932413578033447,1.346503496170044,0.8413987159729004,0.005339145660400391,"[61.0, -0.0, 177.0, 2514.0, 39.0, 78.0]"
0,51,21217155.030631553,21217155.030631542,21217155.030631542,72,55,17,0.8153805732727051,0.3224198818206787,0.4754908084869385,0.01746988296508789,"[60.0, -0.0, 179.0, 3693.0, 41.0, 61.0]"
0,52,19283761.242272943,19283761.242272936,19283761.242272936,82,62,20,1.4157705307006836,0.8414921760559082,0.5570132732391357,0.01726508140563965,"[68.0, -0.0, 192.0, 2606.0, 40.0, 3.0]"
0,53,20061173.857876804,20061173.857876807,20061173.857876807,93,85,8,2.005293607711792,1.2555994987487793,0.742926836013794,0.00676727294921875,"[75.0, 1.0, 193.0, 2747.0, 40.0, 157.0]"
0,54,20557555.07703166,20557555.077031642,20557555.077031646,82,75,7,1.7383790016174316,1.0393638610839844,0.6929521560668945,0.006062984466552734,"[75.0, 1.0, 207.0, 2402.0, 42.0, -0.0]"
0,55,22223956.22668862,22223956.22668863,22223956.22668863,64,49,15,0.9747154712677002,0.5427756309509277,0.41916370391845703,0.01277613639831543,"[84.0, 10.0, 205.0, 2091.0, 44.0, -0.0]"
0,56,22869762.527997322,22869762.527997352,22869762.52799735,95,76,19,2.2726380825042725,1.581003189086914,0.6711020469665527,0.020532846450805664,"[57.0, 5.0, 227.0, 2096.0, 45.0, 24.0]"
0,57,29005885.51427178,29005885.51427179,29005885.514271792,51,39,12,0.7063333988189697,0.37267231941223145,0.32259607315063477,0.011065006256103516,"[83.0, -0.0, 242.0, -0.0, 55.0, 9.0]"
0,58,28138677.498737667,28138677.498737667,28138677.498737663,46,38,8,0.6987411975860596,0.3317587375640869,0.3593778610229492,0.0076045989990234375,"[94.0, 2.0, 230.0, -0.0, 53.0, -0.0]"
0,59,24355663.033161387,24355663.033161383,24355663.033161387,63,49,14,1.1249451637268066,0.6950111389160156,0.41761326789855957,0.012320756912231445,"[90.0, -0.0, 235.0, 2995.0, 49.0, -0.0]"
0,60,25298563.24519529,25298563.24519529,25298563.24519529,62,51,11,1.227689504623413,0.7468502521514893,0.46811342239379883,0.012725830078125,"[92.0, -0.0, 248.0, 1864.0, 48.0, -0.0]"
0,61,26858183.452747744,26858183.452747736,26858183.452747732,71,57,14,1.288207769393921,0.7757596969604492,0.5000429153442383,0.012405157089233398,"[83.0, -0.0, 247.0, 3019.0, 50.0, -0.0]"
0,62,25634222.218595367,25634222.218595378,25634222.218595378,47,37,10,0.6505417823791504,0.3101053237915039,0.3316304683685303,0.008805990219116211,"[117.0, -0.0, 249.0, -0.0, 40.0, -0.0]"
0,63,26689027.035384685,26689027.03538469,26689027.03538469,38,25,13,0.5988526344299316,0.3322427272796631,0.2533748149871826,0.013235092163085938,"[86.0, 1.0, 247.0, -0.0, 48.0, -0.0]"
0,64,28782656.261584196,28782656.261584193,28782656.261584193,51,33,18,0.6243336200714111,0.31259799003601074,0.29675841331481934,0.014977216720581055,"[85.0, -0.0, 246.0, -0.0, 50.0, -0.0]"
0,65,31761084.96576832,31761084.965768304,31761084.965768307,46,36,10,0.5696649551391602,0.24776005744934082,0.3121306896209717,0.009774208068847656,"[98.0, 9.0, 252.0, -0.0, 63.0, -0.0]"
0,66,29595966.32218412,29595966.322184138,29595966.322184138,46,37,9,0.5925097465515137,0.28017687797546387,0.30456042289733887,0.0077724456787109375,"[90.0, -0.0, 244.0, -0.0, 58.0, -0.0]"
0,67,29182532.939268067,29182532.93926809,29182532.93926809,51,42,9,0.6792638301849365,0.3152141571044922,0.3558182716369629,0.008231401443481445,"[105.0, -0.0, 246.0, -0.0, 57.0, -0.0]"
0,68,31953416.090164635,31953416.09016464,31953416.09016464,54,40,14,0.6185243129730225,0.2783932685852051,0.32677674293518066,0.013354301452636719,"[122.0, -0.0, 249.0, -0.0, 59.0, -0.0]"
0,69,29622795.34574333,29622795.345743325,29622795.345743325,51,42,9,0.8220007419586182,0.4274446964263916,0.3848683834075928,0.009687662124633789,"[99.0, -0.0, 256.0, -0.0, 60.0, -0.0]"
0,70,26241327.328284483,26241327.32828448,26241327.328284472,43,33,10,0.500941276550293,0.2198500633239746,0.2721388339996338,0.00895237922668457,"[76.0, -0.0, 233.0, -0.0, 54.0, -0.0]"
0,71,21889673.834229067,21889673.834229093,21889673.83422909,44,32,12,0.5455245971679688,0.2359910011291504,0.2969343662261963,0.01259922981262207,"[107.0, -0.0, 205.0, -0.0, 46.0, 0.0]"
0,72,22028181.198306136,22028181.198306136,22028181.198306136,43,35,8,0.5576598644256592,0.25419044494628906,0.2957794666290283,0.007689952850341797,"[63.0, -0.0, 186.0, -0.0, 50.0, -0.0]"
1,0,26047087.832061738,26047087.832061715,26047087.832061715,46,29,17,0.6254503726959229,0.3362722396850586,0.2729346752166748,0.016243457794189453,"[86.0, 1.0, 254.0, -0.0, 62.0, -0.0]"
1,1,31283421.92228425,31283421.92228425,31283421.92228425,47,37,10,0.5214934349060059,0.2094402313232422,0.3020012378692627,0.010051965713500977,"[100.0, -0.0, 234.0, -0.0, 68.0, -0.0]"
1,2,30854735.95156652,30854735.951566502,30854735.9515665,48,40,8,0.7062938213348389,0.33942699432373047,0.3598926067352295,0.006974220275878906,"[102.0, -0.0, 247.0, -0.0, 61.0, -0.0]"
1,3,31778768.829191282,31778768.829191267,31778768.829191275,53,43,10,0.7314825057983398,0.34081053733825684,0.3797028064727783,0.010969161987304688,"[83.0, 12.0, 256.0, -0.0, 70.0, -0.0]"
1,4,33006522.664473403,33006522.66447337,33006522.664473366,53,44,9,0.705787181854248,0.3054468631744385,0.3926229476928711,0.0077173709869384766,"[90.0, 14.0, 251.0, -0.0, 73.0, 1.0]"
1,5,34156576.33073264,34156576.33073263,34156576.330732636,50,44,6,0.6718521118164062,0.2766101360321045,0.3876214027404785,0.007620573043823242,"[95.0, -0.0, 252.0, -0.0, 69.0, -0.0]"
1,6,32683277.264786474,32683277.26478646,32683277.26478646,51,43,8,0.7514760494232178,0.33464813232421875,0.4095637798309326,0.007264137268066406,"[115.0, -0.0, 260.0, -0.0, 74.0, -0.0]"
1,7,33045526.57953956,33045526.579539575,33045526.579539567,54,44,10,0.7200262546539307,0.34998035430908203,0.3603835105895996,0.009662389755249023,"[149.0, 1.0, 249.0, -0.0, 73.0, -0.0]"
1,8,33251283.422663897,33251283.422663935,33251283.422663935,62,53,9,1.1414077281951904,0.6640009880065918,0.4697086811065674,0.00769805908203125,"[76.0, 24.0, 238.0, 2073.0, 70.0, -0.0]"
1,9,29969433.549330022,29969433.549329996,29969433.549329996,69,60,9,1.2006795406341553,0.6726789474487305,0.5201613903045654,0.007839202880859375,"[107.0, -0.0, 249.0, 3461.0, 66.0, -0.0]"
1,10,29335473.39452561,29335473.394525606,29335473.394525606,77,67,10,1.5672624111175537,0.958350419998169,0.5978691577911377,0.01104283332824707,"[88.0, 4.0, 243.0, 3302.0, 64.0, -0.0]"
1,11,27080523.14145828,27080523.141458306,27080523.141458303,73,61,12,1.415553331375122,0.8452901840209961,0.556734561920166,0.013528585433959961,"[70.0, 9.0, 251.0, 3260.0, 62.0, -0.0]"
1,12,28335724.44464225,28335724.44464224,28335724.44464224,70,60,10,1.2567863464355469,0.7047100067138672,0.5410976409912109,0.01097869873046875,"[97.0, -0.0, 223.0, 3975.0, 60.0, -0.0]"
1,13,23489222.542684548,23489222.542684555,23489222.542684555,76,65,11,1.541588306427002,0.9348876476287842,0.5968904495239258,0.009810209274291992,"[65.0, 2.0, 226.0, 2659.0, 55.0, 18.0]"
1,14,24537275.69054854,24537275.69054851,24537275.690548506,69,59,10,1.4755921363830566,0.9599659442901611,0.5069410800933838,0.008685111999511719,"[72.0, 1.0, 238.0, 3265.0, 55.0, -0.0]"
1,15,23208052.78681407,23208052.786814056,23208052.786814053,81,71,10,1.6210367679595947,0.9946479797363281,0.615664005279541,0.010724782943725586,"[75.0, 1.0, 229.0, 2579.0, 53.0, -0.0]"
1,16,24662755.564500965,24662755.564500954,24662755.56450095,75,65,10,1.258333683013916,0.6938397884368896,0.5521526336669922,0.01234126091003418,"[98.0, -0.0, 223.0, 2531.0, 58.0, -0.0]"
1,17,23558447.156528227,23558447.156528234,23558447.156528234,78,66,12,1.4028041362762451,0.7992970943450928,0.5887682437896729,0.014738798141479492,"[67.0, -0.0, 215.0, 3621.0, 53.0, -0.0]"
1,18,21189248.60992637,21189248.609926373,21189248.60992637,76,61,15,1.419006586074829,0.7983388900756836,0.6075198650360107,0.013147830963134766,"[65.0, -0.0, 191.0, 2698.0, 52.0, 104.0]"
1,19,20324565.100870986,20324565.100870997,20324565.100870967,104,93,11,2.0764682292938232,1.24198579788208,0.8250374794006348,0.009444952011108398,"[-0.0, 17.0, 184.0, 2497.0, 46.0, 439.0]"
1,20,18126230.692286234,18126230.692286268,18126230.69228627,104,94,10,2.243065357208252,1.3669793605804443,0.8675503730773926,0.008535623550415039,"[46.0, 14.0, 171.0, 2306.0, 39.0, 217.0]"
1,21,17353277.912773166,17353277.91277317,17353277.91277317,71,63,8,1.0629851818084717,0.5078589916229248,0.5471594333648682,0.007966756820678711,"[62.0, -0.0, 170.0, 2233.0, 40.0, -0.0]"
1,22,17844324.545853395,17844324.545853414,17844324.545853414,113,107,6,2.5411272048950195,1.5567498207092285,0.9791648387908936,0.005212545394897461,"[52.0, 3.0, 169.0, 2297.0, 39.0, 35.0]"
1,23,19210399.622772664,19210399.622772686,19210399.62277269,92,85,7,2.012073040008545,1.190758228302002,0.8136167526245117,0.00769805908203125,"[58.0, -0.0, 185.0, 2938.0, 42.0, 101.0]"
1,24,16549886.033973323,16549886.033973332,16549886.033973329,69,50,19,0.8708772659301758,0.42087769508361816,0.4301140308380127,0.019885540008544922,"[56.0, -0.0, 170.0, 2432.0, 39.0, -0.0]"
1,25,16408315.113327542,16408315.113327544,16408315.113327544,108,100,8,2.1298632621765137,1.233285665512085,0.8893921375274658,0.007185459136962891,"[52.0, 10.0, 162.0, 2391.0, 37.0, 147.0]"
1,26,16210636.112717444,16210636.112717435,16210636.112717435,89,83,6,1.4667227268218994,0.7304890155792236,0.7307100296020508,0.005523681640625,"[60.0, -0.0, 170.0, 2128.0, 37.0, 129.0]"
1,27,16985094.081602007,16985094.081602015,16985094.081602015,110,102,8,2.8119661808013916,1.8802032470703125,0.9236299991607666,0.0081329345703125,"[46.0, 20.0, 165.0, 2637.0, 38.0, 295.0]"
1,28,15428866.189266153,15428866.18926616,15428866.189266156,100,92,8,2.294908046722412,1.4677016735076904,0.8184292316436768,0.008777141571044922,"[57.0, -0.0, 176.0, 2300.0, 37.0, 274.0]"
1,29,17804265.43480101,17804265.434800975,17804265.434800975,96,90,6,2.2564423084259033,1.4535861015319824,0.796210765838623,0.0066454410552978516,"[45.0, -0.0, 176.0, 3181.0, 38.0, 222.0]"
1,30,16440999.330924276,16440999.330924274,16440999.330924276,100,93,7,1.9128375053405762,1.0817651748657227,0.8248178958892822,0.006254434585571289,"[46.0, 4.0, 166.0, 2592.0, 39.0, 119.0]"
1,31,15949531.010276351,15949531.010276342,15949531.01027634,106,99,7,1.954383373260498,1.0781199932098389,0.8698327541351318,0.006430625915527344,"[62.0, -0.0, 174.0, 2514.0, 35.0, 385.0]"
1,32,15833845.116530396,15833845.116530422,15833845.116530418,96,88,8,1.7904863357543945,0.9897117614746094,0.7924323081970215,0.008342266082763672,"[60.0, 1.0, 162.0, 2314.0, 38.0, 122.0]"
1,33,18452589.33319558,18452589.333195597,18452589.33319546,94,88,6,2.118978977203369,1.3059351444244385,0.8051514625549316,0.007892370223999023,"[45.0, 1.0, 177.0, 3290.0, 38.0, 245.0]"
1,34,17520820.193474054,17520820.193474066,17520820.193474066,102,96,6,2.25107479095459,1.3850820064544678,0.860020637512207,0.005972146987915039,"[60.0, 18.0, 163.0, 3120.0, 36.0, 301.0]"
1,35,16250464.717147708,16250464.717147708,16250464.717147708,119,110,9,3.1330668926239014,2.147806167602539,0.9752888679504395,0.009971857070922852,"[24.0, 2.0, 185.0, 2414.0, 37.0, 481.0]"
1,36,16991187.066727255,16991187.06672726,16991187.06672726,103,98,5,2.4321961402893066,1.5465819835662842,0.8813815116882324,0.004232645034790039,"[52.0, -0.0, 182.0, 2130.0, 40.0, 402.0]"
1,37,17425794.496298473,17425794.496298477,17425794.49629837,107,101,6,2.4321529865264893,1.508021354675293,0.9177615642547607,0.006370067596435547,"[40.0, 1.0, 180.0, 2609.0, 40.0, 274.0]"
1,38,16807415.41401359,16807415.41401358,16807415.41401358,104,95,9,1.8974072933197021,1.058669090270996,0.8295516967773438,0.009186506271362305,"[58.0, -0.0, 167.0, 2831.0, 34.0, 243.0]"
1,39,16443770.232125802,16443770.2321258,16443770.2321258,104,96,8,2.14925479888916,1.301652193069458,0.8403160572052002,0.007286548614501953,"[37.0, -0.0, 177.0, 2281.0, 40.0, 192.0]"
1,40,17520408.084075555,17520408.084075544,17520408.084075548,88,82,6,1.445525884628296,0.7096800804138184,0.730494499206543,0.00535130500793457,"[44.0, 3.0, 161.0, 2543.0, 40.0, 176.0]"
1,41,16038164.235844241,16038164.23584424,16038164.23584424,84,77,7,1.48797607421875,0.7844874858856201,0.6973330974578857,0.006155490875244141,"[43.0, -0.0, 158.0, 2780.0, 36.0, 191.0]"
1,42,14657922.124324346,14657922.12432435,14657922.124324266,80,73,7,1.3962998390197754,0.7559432983398438,0.6334357261657715,0.006920814514160156,"[-0.0, -0.0, 169.0, 2192.0, 34.0, 267.0]"
1,43,16028475.667349039,16028475.667349033,16028475.667349042,124,118,6,2.532388687133789,1.4484145641326904,1.0780949592590332,0.00587916374206543,"[46.0, -0.0, 158.0, 2218.0, 36.0, 80.0]"
1,44,15802623.180114852,15802623.180114854,15802623.180114854,96,86,10,1.6346423625946045,0.8571162223815918,0.7687995433807373,0.00872659683227539,"[57.0, -0.0, 163.0, 2181.0, 34.0, 75.0]"
1,45,17310338.56754962,17310338.5675496,17310338.5675496,84,72,12,1.3571512699127197,0.7217035293579102,0.6252772808074951,0.010170459747314453,"[69.0, -0.0, 159.0, 2481.0, 33.0, 126.0]"
1,46,15817802.19130886,15817802.191308865,15817802.191308863,96,88,8,1.9128868579864502,1.1209285259246826,0.7847979068756104,0.0071604251861572266,"[46.0, -0.0, 168.0, 2342.0, 34.0, 129.0]"
1,47,20052211.00257899,20052211.002579004,20052211.002579004,85,79,6,1.6387126445770264,0.9084675312042236,0.7250499725341797,0.005195140838623047,"[69.0, -0.0, 190.0, 3023.0, 39.0, 16.0]"
1,48,17677233.065249786,17677233.065249793,17677233.065249793,86,78,8,1.8294365406036377,1.1220104694366455,0.7000577449798584,0.007368326187133789,"[49.0, 2.0, 188.0, 2502.0, 38.0, 199.0]"
1,49,17709224.99598109,17709224.995981105,17709224.995981105,94,86,8,1.9081332683563232,1.1238327026367188,0.7763926982879639,0.007907867431640625,"[60.0, -0.0, 181.0, 2806.0, 38.0, 110.0]"
1,50,18443384.380119644,18443384.38011965,18443384.38011965,100,94,6,2.092752695083618,1.22890043258667,0.8578944206237793,0.005957841873168945,"[61.0, -0.0, 177.0, 2514.0, 39.0, 78.0]"
1,51,21217155.030631553,21217155.030631542,21217155.030631542,72,55,17,1.011908769607544,0.5067462921142578,0.490053653717041,0.015108823776245117,"[60.0, -0.0, 179.0, 3693.0, 41.0, 61.0]"
1,52,19283761.242272943,19283761.242272936,19283761.242272936,82,62,20,1.5913827419281006,1.036217212677002,0.5356724262237549,0.01949310302734375,"[68.0, -0.0, 192.0, 2606.0, 40.0, 3.0]"
1,53,20061173.857876804,20061173.857876807,20061173.857876807,93,85,8,1.9330947399139404,1.1891610622406006,0.7366514205932617,0.007282257080078125,"[75.0, 1.0, 193.0, 2747.0, 40.0, 157.0]"
1,54,20557555.07703166,20557555.077031642,20557555.077031646,82,75,7,1.6529240608215332,0.9869506359100342,0.6592910289764404,0.006682395935058594,"[75.0, 1.0, 207.0, 2402.0, 42.0, -0.0]"
1,55,22223956.22668862,22223956.22668863,22223956.22668863,64,49,15,0.9580283164978027,0.5147507190704346,0.42974376678466797,0.013533830642700195,"[84.0, 10.0, 205.0, 2091.0, 44.0, -0.0]"
1,56,22869762.527997322,22869762.527997352,22869762.52799735,95,76,19,2.197943925857544,1.4807333946228027,0.7006173133850098,0.016593217849731445,"[57.0, 5.0, 227.0, 2096.0, 45.0, 24.0]"
1,57,29005885.51427178,29005885.51427179,29005885.514271792,51,39,12,0.7515227794647217,0.37766385078430176,0.3629343509674072,0.010924577713012695,"[83.0, -0.0, 242.0, -0.0, 55.0, 9.0]"
1,58,28138677.498737667,28138677.498737667,28138677.498737663,46,38,8,0.6140999794006348,0.28197169303894043,0.32500720024108887,0.007121086120605469,"[94.0, 2.0, 230.0, -0.0, 53.0, -0.0]"
1,59,24355663.033161387,24355663.033161383,24355663.033161387,63,49,14,1.0898892879486084,0.6396157741546631,0.43786168098449707,0.012411832809448242,"[90.0, -0.0, 235.0, 2995.0, 49.0, -0.0]"
1,60,25298563.24519529,25298563.24519529,25298563.24519529,62,51,11,1.1371495723724365,0.6817295551300049,0.4457402229309082,0.009679794311523438,"[92.0, -0.0, 248.0, 1864.0, 48.0, -0.0]"
1,61,26858183.452747744,26858183.452747736,26858183.452747732,71,57,14,1.2394511699676514,0.728994607925415,0.49735188484191895,0.013104677200317383,"[83.0, -0.0, 247.0, 3019.0, 50.0, -0.0]"
1,62,25634222.218595367,25634222.218595378,25634222.218595378,47,37,10,0.6472628116607666,0.30303215980529785,0.3345189094543457,0.009711742401123047,"[117.0, -0.0, 249.0, -0.0, 40.0, -0.0]"
1,63,26689027.035384685,26689027.03538469,26689027.03538469,38,25,13,0.517132043838501,0.2876169681549072,0.21812009811401367,0.011394977569580078,"[86.0, 1.0, 247.0, -0.0, 48.0, -0.0]"
1,64,28782656.261584196,28782656.261584193,28782656.261584193,51,33,18,0.6319894790649414,0.3090548515319824,0.30655455589294434,0.01638007164001465,"[85.0, -0.0, 246.0, -0.0, 50.0, -0.0]"
1,65,31761084.96576832,31761084.965768304,31761084.965768307,46,36,10,0.5311808586120605,0.22554874420166016,0.2963893413543701,0.009242773056030273,"[98.0, 9.0, 252.0, -0.0, 63.0, -0.0]"
1,66,29595966.32218412,29595966.322184138,29595966.322184138,46,37,9,0.5966188907623291,0.2723395824432373,0.31670618057250977,0.007573127746582031,"[90.0, -0.0, 244.0, -0.0, 58.0, -0.0]"
1,67,29182532.939268067,29182532.93926809,29182532.93926809,51,42,9,0.6402549743652344,0.28622913360595703,0.34545421600341797,0.008571624755859375,"[105.0, -0.0, 246.0, -0.0, 57.0, -0.0]"
1,68,31953416.090164635,31953416.09016464,31953416.09016464,54,40,14,0.6540594100952148,0.2825160026550293,0.3593316078186035,0.012211799621582031,"[122.0, -0.0, 249.0, -0.0, 59.0, -0.0]"
1,69,29622795.34574333,29622795.345743325,29622795.345743325,51,42,9,0.7316546440124512,0.35827016830444336,0.3649277687072754,0.008456707000732422,"[99.0, -0.0, 256.0, -0.0, 60.0, -0.0]"
1,70,26241327.328284483,26241327.32828448,26241327.328284472,43,33,10,0.5193917751312256,0.20897555351257324,0.30187034606933594,0.008545875549316406,"[76.0, -0.0, 233.0, -0.0, 54.0, -0.0]"
1,71,21889673.834229067,21889673.834229093,21889673.83422909,44,32,12,0.47760987281799316,0.2052466869354248,0.260986328125,0.01137685775756836,"[107.0, -0.0, 205.0, -0.0, 46.0, 0.0]"
1,72,22028181.198306136,22028181.198306136,22028181.198306136,43,35,8,0.5792524814605713,0.261493444442749,0.3108534812927246,0.006905555725097656,"[63.0, -0.0, 186.0, -0.0, 50.0, -0.0]"
2,0,26047087.832061738,26047087.832061715,26047087.832061715,46,29,17,0.5282626152038574,0.26085686683654785,0.2516665458679199,0.01573920249938965,"[86.0, 1.0, 254.0, -0.0, 62.0, -0.0]"
2,1,31283421.92228425,31283421.92228425,31283421.92228425,47,37,10,0.5148766040802002,0.1987144947052002,0.30735182762145996,0.008810281753540039,"[100.0, -0.0, 234.0, -0.0, 68.0, -0.0]"
2,2,30854735.95156652,30854735.951566502,30854735.9515665,48,40,8,0.6836237907409668,0.3087291717529297,0.36722230911254883,0.007672309875488281,"[102.0, -0.0, 247.0, -0.0, 61.0, -0.0]"
2,3,31778768.829191282,31778768.829191267,31778768.829191275,53,43,10,0.7088279724121094,0.3135254383087158,0.3869819641113281,0.00832056999206543,"[83.0, 12.0, 256.0, -0.0, 70.0, -0.0]"
2,4,33006522.664473403,33006522.66447337,33006522.664473366,53,44,9,0.6721324920654297,0.27147984504699707,0.39218711853027344,0.00846552848815918,"[90.0, 14.0, 251.0, -0.0, 73.0, 1.0]"
2,5,34156576.33073264,34156576.33073263,34156576.330732636,50,44,6,0.6535282135009766,0.2778468132019043,0.37038373947143555,0.005297660827636719,"[95.0, -0.0, 252.0, -0.0, 69.0, -0.0]"
2,6,32683277.264786474,32683277.26478646,32683277.26478646,51,43,8,0.6806349754333496,0.310671329498291,0.3625979423522949,0.007365703582763672,"[115.0, -0.0, 260.0, -0.0, 74.0, -0.0]"
2,7,33045526.57953956,33045526.579539575,33045526.579539567,54,44,10,0.7120099067687988,0.32111382484436035,0.38202691078186035,0.008869171142578125,"[149.0, 1.0, 249.0, -0.0, 73.0, -0.0]"
2,8,33251283.422663897,33251283.422663935,33251283.422663935,62,53,9,1.0423409938812256,0.5809175968170166,0.4525794982910156,0.00884389877319336,"[76.0, 24.0, 238.0, 2073.0, 70.0, -0.0]"
2,9,29969433.549330022,29969433.549329996,29969433.549329996,69,60,9,1.1300346851348877,0.6039211750030518,0.5177500247955322,0.008363485336303711,"[107.0, -0.0, 249.0, 3461.0, 66.0, -0.0]"
2,10,29335473.39452561,29335473.394525606,29335473.394525606,77,67,10,1.4564907550811768,0.8675034046173096,0.5796875953674316,0.009299755096435547,"[88.0, 4.0, 243.0, 3302.0, 64.0, -0.0]"
2,11,27080523.14145828,27080523.141458306,27080523.141458303,73,61,12,1.3023273944854736,0.7751691341400146,0.516063928604126,0.011094331741333008,"[70.0, 9.0, 251.0, 3260.0, 62.0, -0.0]"
2,12,28335724.44464225,28335724.44464224,28335724.44464224,70,60,10,1.1797754764556885,0.6546432971954346,0.5154695510864258,0.009662628173828125,"[97.0, -0.0, 223.0, 3975.0, 60.0, -0.0]"
2,13,23489222.542684548,23489222.542684555,23489222.542684555,76,65,11,1.435565710067749,0.8504745960235596,0.5748462677001953,0.01024484634399414,"[65.0, 2.0, 226.0, 2659.0, 55.0, 18.0]"
2,14,24537275.69054854,24537275.69054851,24537275.690548506,69,59,10,1.383152723312378,0.8596310615539551,0.5145516395568848,0.008970022201538086,"[72.0, 1.0, 238.0, 3265.0, 55.0, -0.0]"
2,15,23208052.78681407,23208052.786814056,23208052.786814053,81,71,10,1.5974438190460205,0.9547553062438965,0.633784294128418,0.008904218673706055,"[75.0, 1.0, 229.0, 2579.0, 53.0, -0.0]"
2,16,24662755.564500965,24662755.564500954,24662755.56450095,75,65,10,1.2362909317016602,0.6755836009979248,0.5510687828063965,0.009638547897338867,"[98.0, -0.0, 223.0, 2531.0, 58.0, -0.0]"
2,17,23558447.156528227,23558447.156528234,23558447.156528234,78,66,12,1.3129925727844238,0.7179322242736816,0.5841259956359863,0.01093435287475586,"[67.0, -0.0, 215.0, 3621.0, 53.0, -0.0]"
2,18,21189248.60992637,21189248.609926373,21189248.60992637,76,61,15,1.3152594566345215,0.7461702823638916,0.5550704002380371,0.014018774032592773,"[65.0, -0.0, 191.0, 2698.0, 52.0, 104.0]"
2,19,20324565.100870986,20324565.100870997,20324565.100870967,104,93,11,1.9905500411987305,1.1456267833709717,0.8352794647216797,0.009643793106079102,"[-0.0, 17.0, 184.0, 2497.0, 46.0, 439.0]"
2,20,18126230.692286234,18126230.692286268,18126230.69228627,104,94,10,2.1808149814605713,1.2881667613983154,0.8836159706115723,0.009032249450683594,"[46.0, 14.0, 171.0, 2306.0, 39.0, 217.0]"
2,21,17353277.912773166,17353277.91277317,17353277.91277317,71,63,8,1.0569941997528076,0.48830294609069824,0.5611860752105713,0.007505178451538086,"[62.0, -0.0, 170.0, 2233.0, 40.0, -0.0]"
2,22,17844324.545853395,17844324.545853414,17844324.545853414,113,107,6,2.4183285236358643,1.4595987796783447,0.9532034397125244,0.005526304244995117,"[52.0, 3.0, 169.0, 2297.0, 39.0, 35.0]"
2,23,19210399.622772664,19210399.622772686,19210399.62277269,92,85,7,1.8500473499298096,1.0960814952850342,0.7477724552154541,0.006193399429321289,"[58.0, -0.0, 185.0, 2938.0, 42.0, 101.0]"
2,24,16549886.033973323,16549886.033973332,16549886.033973329,69,50,19,0.8940548896789551,0.4151730537414551,0.46091270446777344,0.017969131469726562,"[56.0, -0.0, 170.0, 2432.0, 39.0, -0.0]"
2,25,16408315.113327542,16408315.113327544,16408315.113327544,108,100,8,2.0624382495880127,1.1679751873016357,0.8877573013305664,0.006705760955810547,"[52.0, 10.0, 162.0, 2391.0, 37.0, 147.0]"
2,26,16210636.112717444,16210636.112717435,16210636.112717435,89,83,6,1.4738843441009521,0.7102518081665039,0.7583019733428955,0.005330562591552734,"[60.0, -0.0, 170.0, 2128.0, 37.0, 129.0]"
2,27,16985094.081602007,16985094.081602015,16985094.081602015,110,102,8,2.6406846046447754,1.7410740852355957,0.892263650894165,0.0073468685150146484,"[46.0, 20.0, 165.0, 2637.0, 38.0, 295.0]"
2,28,15428866.189266153,15428866.18926616,15428866.189266156,100,92,8,2.183072566986084,1.3533198833465576,0.8210372924804688,0.008715391159057617,"[57.0, -0.0, 176.0, 2300.0, 37.0, 274.0]"
2,29,17804265.43480101,17804265.434800975,17804265.434800975,96,90,6,2.2523550987243652,1.4071414470672607,0.838909387588501,0.006304264068603516,"[45.0, -0.0, 176.0, 3181.0, 38.0, 222.0]"
2,30,16440999.330924276,16440999.330924274,16440999.330924276,100,93,7,1.8639824390411377,1.0206687450408936,0.8363115787506104,0.007002115249633789,"[46.0, 4.0, 166.0, 2592.0, 39.0, 119.0]"
2,31,15949531.010276351,15949531.010276342,15949531.01027634,106,99,7,1.9737977981567383,1.0782010555267334,0.8879985809326172,0.007598161697387695,"[62.0, -0.0, 174.0, 2514.0, 35.0, 385.0]"
2,32,15833845.116530396,15833845.116530422,15833845.116530418,96,88,8,1.7931115627288818,0.9776065349578857,0.8083133697509766,0.007191658020019531,"[60.0, 1.0, 162.0, 2314.0, 38.0, 122.0]"
2,33,18452589.33319558,18452589.333195597,18452589.33319546,94,88,6,2.07548189163208,1.271209716796875,0.7989952564239502,0.005276918411254883,"[45.0, 1.0, 177.0, 3290.0, 38.0, 245.0]"
2,34,17520820.193474054,17520820.193474066,17520820.193474066,102,96,6,2.2247684001922607,1.3353722095489502,0.8840291500091553,0.0053670406341552734,"[60.0, 18.0, 163.0, 3120.0, 36.0, 301.0]"
2,35,16250464.717147708,16250464.717147708,16250464.717147708,119,110,9,3.119022846221924,2.112210750579834,0.998986005783081,0.007826089859008789,"[24.0, 2.0, 185.0, 2414.0, 37.0, 481.0]"
2,36,16991187.066727255,16991187.06672726,16991187.06672726,103,98,5,2.4776530265808105,1.5422072410583496,0.930419921875,0.0050258636474609375,"[52.0, -0.0, 182.0, 2130.0, 40.0, 402.0]"
2,37,17425794.496298473,17425794.496298477,17425794.49629837,107,101,6,2.3941996097564697,1.4737436771392822,0.9137735366821289,0.006682395935058594,"[40.0, 1.0, 180.0, 2609.0, 40.0, 274.0]"
2,38,16807415.41401359,16807415.41401358,16807415.41401358,104,95,9,1.9561667442321777,1.0775573253631592,0.8706972599029541,0.007912158966064453,"[58.0, -0.0, 167.0, 2831.0, 34.0, 243.0]"
2,39,16443770.232125802,16443770.2321258,16443770.2321258,104,96,8,2.2640933990478516,1.389173984527588,0.8677759170532227,0.007143497467041016,"[37.0, -0.0, 177.0, 2281.0, 40.0, 192.0]"
2,40,17520408.084075555,17520408.084075544,17520408.084075548,88,82,6,1.5161089897155762,0.7449932098388672,0.7654621601104736,0.0056536197662353516,"[44.0, 3.0, 161.0, 2543.0, 40.0, 176.0]"
2,41,16038164.235844241,16038164.23584424,16038164.23584424,84,77,7,1.5696353912353516,0.8757979869842529,0.6874818801879883,0.0063555240631103516,"[43.0, -0.0, 158.0, 2780.0, 36.0, 191.0]"
2,42,14657922.124324346,14657922.12432435,14657922.124324266,80,73,7,1.494725227355957,0.8188090324401855,0.6699020862579346,0.006014108657836914,"[-0.0, -0.0, 169.0, 2192.0, 34.0, 267.0]"
2,43,16028475.667349039,16028475.667349033,16028475.667349042,124,118,6,2.6727797985076904,1.571451187133789,1.095804214477539,0.005524396896362305,"[46.0, -0.0, 158.0, 2218.0, 36.0, 80.0]"
2,44,15802623.180114852,15802623.180114854,15802623.180114854,96,86,10,1.7177629470825195,0.9111471176147461,0.7969415187835693,0.009674310684204102,"[57.0, -0.0, 163.0, 2181.0, 34.0, 75.0]"
2,45,17310338.56754962,17310338.5675496,17310338.5675496,84,72,12,1.414520502090454,0.7508664131164551,0.6519010066986084,0.011753082275390625,"[69.0, -0.0, 159.0, 2481.0, 33.0, 126.0]"
2,46,15817802.19130886,15817802.191308865,15817802.191308863,96,88,8,1.9664263725280762,1.1531548500061035,0.8060877323150635,0.00718379020690918,"[46.0, -0.0, 168.0, 2342.0, 34.0, 129.0]"
2,47,20052211.00257899,20052211.002579004,20052211.002579004,85,79,6,1.6678190231323242,0.9350347518920898,0.7269346714019775,0.005849599838256836,"[69.0, -0.0, 190.0, 3023.0, 39.0, 16.0]"
2,48,17677233.065249786,17677233.065249793,17677233.065249793,86,78,8,1.9025087356567383,1.1879196166992188,0.7072854042053223,0.007303714752197266,"[49.0, 2.0, 188.0, 2502.0, 38.0, 199.0]"
2,49,17709224.99598109,17709224.995981105,17709224.995981105,94,86,8,1.9711594581604004,1.2168335914611816,0.7471716403961182,0.007154226303100586,"[60.0, -0.0, 181.0, 2806.0, 38.0, 110.0]"
2,50,18443384.380119644,18443384.38011965,18443384.38011965,100,94,6,2.148529529571533,1.2697474956512451,0.8733398914337158,0.005442142486572266,"[61.0, -0.0, 177.0, 2514.0, 39.0, 78.0]"
2,51,21217155.030631553,21217155.030631542,21217155.030631542,72,55,17,0.7991623878479004,0.2945237159729004,0.48801231384277344,0.016626358032226562,"[60.0, -0.0, 179.0, 3693.0, 41.0, 61.0]"
2,52,19283761.242272943,19283761.242272936,19283761.242272936,82,62,20,1.3461124897003174,0.7675807476043701,0.5609872341156006,0.01754450798034668,"[68.0, -0.0, 192.0, 2606.0, 40.0, 3.0]"
2,53,20061173.857876804,20061173.857876807,20061173.857876807,93,85,8,2.020554304122925,1.2577471733093262,0.7561616897583008,0.0066454410552978516,"[75.0, 1.0, 193.0, 2747.0, 40.0, 157.0]"
2,54,20557555.07703166,20557555.077031642,20557555.077031646,82,75,7,1.7553794384002686,1.0485448837280273,0.7004983425140381,0.006336212158203125,"[75.0, 1.0, 207.0, 2402.0, 42.0, -0.0]"
2,55,22223956.22668862,22223956.22668863,22223956.22668863,64,49,15,1.0387792587280273,0.5646200180053711,0.46090126037597656,0.013257980346679688,"[84.0, 10.0, 205.0, 2091.0, 44.0, -0.0]"
2,56,22869762.527997322,22869762.527997352,22869762.52799735,95,76,19,2.2446208000183105,1.5217063426971436,0.7045068740844727,0.018407583236694336,"[57.0, 5.0, 227.0, 2096.0, 45.0, 24.0]"
2,57,29005885.51427178,29005885.51427179,29005885.514271792,51,39,12,0.8559892177581787,0.45105695724487305,0.3923640251159668,0.012568235397338867,"[83.0, -0.0, 242.0, -0.0, 55.0, 9.0]"
2,58,28138677.498737667,28138677.498737667,28138677.498737663,46,38,8,0.6782636642456055,0.32718873023986816,0.34278416633605957,0.008290767669677734,"[94.0, 2.0, 230.0, -0.0, 53.0, -0.0]"
2,59,24355663.033161387,24355663.033161383,24355663.033161387,63,49,14,1.2765793800354004,0.8178601264953613,0.44357776641845703,0.015141487121582031,"[90.0, -0.0, 235.0, 2995.0, 49.0, -0.0]"
2,60,25298563.24519529,25298563.24519529,25298563.24519529,62,51,11,1.3908169269561768,0.8996267318725586,0.4798002243041992,0.011389970779418945,"[92.0, -0.0, 248.0, 1864.0, 48.0, -0.0]"
2,61,26858183.452747744,26858183.452747736,26858183.452747732,71,57,14,1.514564037322998,0.9615368843078613,0.538752555847168,0.01427459716796875,"[83.0, -0.0, 247.0, 3019.0, 50.0, -0.0]"
2,62,25634222.218595367,25634222.218595378,25634222.218595378,47,37,10,0.699016809463501,0.35451841354370117,0.334064245223999,0.010434150695800781,"[117.0, -0.0, 249.0, -0.0, 40.0, -0.0]"
2,63,26689027.035384685,26689027.03538469,26689027.03538469,38,25,13,0.6052193641662598,0.3420143127441406,0.24896693229675293,0.014238119125366211,"[86.0, 1.0, 247.0, -0.0, 48.0, -0.0]"
2,64,28782656.261584196,28782656.261584193,28782656.261584193,51,33,18,0.6871089935302734,0.33774423599243164,0.32961249351501465,0.01975226402282715,"[85.0, -0.0, 246.0, -0.0, 50.0, -0.0]"
2,65,31761084.96576832,31761084.965768304,31761084.965768307,46,36,10,0.5936141014099121,0.2689235210418701,0.3136875629425049,0.01100301742553711,"[98.0, 9.0, 252.0, -0.0, 63.0, -0.0]"
2,66,29595966.32218412,29595966.322184138,29595966.322184138,46,37,9,0.6221747398376465,0.2852334976196289,0.32887792587280273,0.008063316345214844,"[90.0, -0.0, 244.0, -0.0, 58.0, -0.0]"
2,67,29182532.939268067,29182532.93926809,29182532.93926809,51,42,9,0.687497615814209,0.3203136920928955,0.35770225524902344,0.009481668472290039,"[105.0, -0.0, 246.0, -0.0, 57.0, -0.0]"
2,68,31953416.090164635,31953416.09016464,31953416.09016464,54,40,14,0.6548895835876465,0.3120388984680176,0.3303098678588867,0.012540817260742188,"[122.0, -0.0, 249.0, -0.0, 59.0, -0.0]"
2,69,29622795.34574333,29622795.345743325,29622795.345743325,51,42,9,0.8443236351013184,0.4565865993499756,0.3783266544342041,0.009410381317138672,"[99.0, -0.0, 256.0, -0.0, 60.0, -0.0]"
2,70,26241327.328284483,26241327.32828448,26241327.328284472,43,33,10,0.5235280990600586,0.23519229888916016,0.279141902923584,0.009193897247314453,"[76.0, -0.0, 233.0, -0.0, 54.0, -0.0]"
2,71,21889673.834229067,21889673.834229093,21889673.83422909,44,32,12,0.5639574527740479,0.24746036529541016,0.3053746223449707,0.011122465133666992,"[107.0, -0.0, 205.0, -0.0, 46.0, 0.0]"
2,72,22028181.198306136,22028181.198306136,22028181.198306136,43,35,8,0.5813734531402588,0.2788734436035156,0.295107364654541,0.0073926448822021484,"[63.0, -0.0, 186.0, -0.0, 50.0, -0.0]"
3,0,26047087.832061738,26047087.832061715,26047087.832061715,46,29,17,0.6268987655639648,0.3200383186340332,0.2906041145324707,0.016256332397460938,"[86.0, 1.0, 254.0, -0.0, 62.0, -0.0]"
3,1,31283421.92228425,31283421.92228425,31283421.92228425,47,37,10,0.5444440841674805,0.2317206859588623,0.30136847496032715,0.011354923248291016,"[100.0, -0.0, 234.0, -0.0, 68.0, -0.0]"
3,2,30854735.95156652,30854735.951566502,30854735.9515665,48,40,8,0.7415351867675781,0.36455559730529785,0.3701488971710205,0.006830692291259766,"[102.0, -0.0, 247.0, -0.0, 61.0, -0.0]"
3,3,31778768.829191282,31778768.829191267,31778768.829191275,53,43,10,0.7087874412536621,0.3344273567199707,0.36260390281677246,0.011756181716918945,"[83.0, 12.0, 256.0, -0.0, 70.0, -0.0]"
3,4,33006522.664473403,33006522.66447337,33006522.664473366,53,44,9,0.7255208492279053,0.3131282329559326,0.40428853034973145,0.008104085922241211,"[90.0, 14.0, 251.0, -0.0, 73.0, 1.0]"
3,5,34156576.33073264,34156576.33073263,34156576.330732636,50,44,6,0.671440601348877,0.2923927307128906,0.3735928535461426,0.00545501708984375,"[95.0, -0.0, 252.0, -0.0, 69.0, -0.0]"
3,6,32683277.264786474,32683277.26478646,32683277.26478646,51,43,8,0.7372453212738037,0.34896087646484375,0.38097286224365234,0.007311582565307617,"[115.0, -0.0, 260.0, -0.0, 74.0, -0.0]"
3,7,33045526.57953956,33045526.579539575,33045526.579539567,54,44,10,0.7504897117614746,0.36910200119018555,0.37151575088500977,0.009871959686279297,"[149.0, 1.0, 249.0, -0.0, 73.0, -0.0]"
3,8,33251283.422663897,33251283.422663935,33251283.422663935,62,53,9,1.1399478912353516,0.6585595607757568,0.4725217819213867,0.008866548538208008,"[76.0, 24.0, 238.0, 2073.0, 70.0, -0.0]"
3,9,29969433.549330022,29969433.549329996,29969433.549329996,69,60,9,1.2075178623199463,0.6807582378387451,0.5191240310668945,0.007635593414306641,"[107.0, -0.0, 249.0, 3461.0, 66.0, -0.0]"
3,10,29335473.39452561,29335473.394525606,29335473.394525606,77,67,10,1.5823414325714111,0.9700338840484619,0.6023349761962891,0.009972572326660156,"[88.0, 4.0, 243.0, 3302.0, 64.0, -0.0]"
3,11,27080523.14145828,27080523.141458306,27080523.141458303,73,61,12,1.4265449047088623,0.8662478923797607,0.5440003871917725,0.0162966251373291,"[70.0, 9.0, 251.0, 3260.0, 62.0, -0.0]"
3,12,28335724.44464225,28335724.44464224,28335724.44464224,70,60,10,1.2942123413085938,0.7551419734954834,0.5285437107086182,0.010526657104492188,"[97.0, -0.0, 223.0, 3975.0, 60.0, -0.0]"
3,13,23489222.542684548,23489222.542684555,23489222.542684555,76,65,11,1.5881569385528564,0.9892067909240723,0.5889313220977783,0.01001882553100586,"[65.0, 2.0, 226.0, 2659.0, 55.0, 18.0]"
3,14,24537275.69054854,24537275.69054851,24537275.690548506,69,59,10,1.5626492500305176,1.0202710628509521,0.533665657043457,0.008712530136108398,"[72.0, 1.0, 238.0, 3265.0, 55.0, -0.0]"
3,15,23208052.78681407,23208052.786814056,23208052.786814053,81,71,10,1.7094919681549072,1.0588634014129639,0.6411659717559814,0.009462594985961914,"[75.0, 1.0, 229.0, 2579.0, 53.0, -0.0]"
3,16,24662755.564500965,24662755.564500954,24662755.56450095,75,65,10,1.2661709785461426,0.7099156379699707,0.5457496643066406,0.01050567626953125,"[98.0, -0.0, 223.0, 2531.0, 58.0, -0.0]"
3,17,23558447.156528227,23558447.156528234,23558447.156528234,78,66,12,1.3735196590423584,0.7745234966278076,0.5868384838104248,0.012157678604125977,"[67.0, -0.0, 215.0, 3621.0, 53.0, -0.0]"
3,18,21189248.60992637,21189248.609926373,21189248.60992637,76,61,15,1.3282759189605713,0.7715177536010742,0.5415756702423096,0.0151824951171875,"[65.0, -0.0, 191.0, 2698.0, 52.0, 104.0]"
3,19,20324565.100870986,20324565.100870997,20324565.100870967,104,93,11,2.0611093044281006,1.2244644165039062,0.8258731365203857,0.010771751403808594,"[-0.0, 17.0, 184.0, 2497.0, 46.0, 439.0]"
3,20,18126230.692286234,18126230.692286268,18126230.69228627,104,94,10,2.16556453704834,1.3161137104034424,0.8395793437957764,0.009871482849121094,"[46.0, 14.0, 171.0, 2306.0, 39.0, 217.0]"
3,21,17353277.912773166,17353277.91277317,17353277.91277317,71,63,8,1.0794243812561035,0.5059359073638916,0.5648276805877686,0.00866079330444336,"[62.0, -0.0, 170.0, 2233.0, 40.0, -0.0]"
3,22,17844324.545853395,17844324.545853414,17844324.545853414,113,107,6,2.5794692039489746,1.5527000427246094,1.0213298797607422,0.005439281463623047,"[52.0, 3.0, 169.0, 2297.0, 39.0, 35.0]"
3,23,19210399.622772664,19210399.622772686,19210399.62277269,92,85,7,1.9327139854431152,1.1636567115783691,0.7621991634368896,0.006858110427856445,"[58.0, -0.0, 185.0, 2938.0, 42.0, 101.0]"
3,24,16549886.033973323,16549886.033973332,16549886.033973329,69,50,19,0.8639810085296631,0.408860445022583,0.43520379066467285,0.019916772842407227,"[56.0, -0.0, 170.0, 2432.0, 39.0, -0.0]"
3,25,16408315.113327542,16408315.113327544,16408315.113327544,108,100,8,2.146935224533081,1.1889052391052246,0.9499530792236328,0.008076906204223633,"[52.0, 10.0, 162.0, 2391.0, 37.0, 147.0]"
3,26,16210636.112717444,16210636.112717435,16210636.112717435,89,83,6,1.5074257850646973,0.7162680625915527,0.7847573757171631,0.006400346755981445,"[60.0, -0.0, 170.0, 2128.0, 37.0, 129.0]"
3,27,16985094.081602007,16985094.081602015,16985094.081602015,110,102,8,2.706913709640503,1.7418856620788574,0.9565138816833496,0.008514165878295898,"[46.0, 20.0, 165.0, 2637.0, 38.0, 295.0]"
3,28,15428866.189266153,15428866.18926616,15428866.189266156,100,92,8,2.169710636138916,1.344522476196289,0.8181891441345215,0.006999015808105469,"[57.0, -0.0, 176.0, 2300.0, 37.0, 274.0]"
3,29,17804265.43480101,17804265.434800975,17804265.434800975,96,90,6,2.2767372131347656,1.422058343887329,0.849334716796875,0.0053441524505615234,"[45.0, -0.0, 176.0, 3181.0, 38.0, 222.0]"
3,30,16440999.330924276,16440999.330924274,16440999.330924276,100,93,7,1.8437237739562988,1.0079455375671387,0.8292920589447021,0.006486177444458008,"[46.0, 4.0, 166.0, 2592.0, 39.0, 119.0]"
3,31,15949531.010276351,15949531.010276342,15949531.01027634,106,99,7,1.9185340404510498,1.0497145652770996,0.8625118732452393,0.0063076019287109375,"[62.0, -0.0, 174.0, 2514.0, 35.0, 385.0]"
3,32,15833845.116530396,15833845.116530422,15833845.116530418,96,88,8,1.7790000438690186,0.9637000560760498,0.8075835704803467,0.00771641731262207,"[60.0, 1.0, 162.0, 2314.0, 38.0, 122.0]"
3,33,18452589.33319558,18452589.333195597,18452589.33319546,94,88,6,2.009478807449341,1.1916868686676025,0.8119118213653564,0.005880117416381836,"[45.0, 1.0, 177.0, 3290.0, 38.0, 245.0]"
3,34,17520820.193474054,17520820.193474066,17520820.193474066,102,96,6,2.2332515716552734,1.356945514678955,0.8701167106628418,0.0061893463134765625,"[60.0, 18.0, 163.0, 3120.0, 36.0, 301.0]"
3,35,16250464.717147708,16250464.717147708,16250464.717147708,119,110,9,3.2286601066589355,2.145819664001465,1.074650526046753,0.008189916610717773,"[24.0, 2.0, 185.0, 2414.0, 37.0, 481.0]"
3,36,16991187.066727255,16991187.06672726,16991187.06672726,103,98,5,2.4756619930267334,1.5400261878967285,0.9308676719665527,0.0047681331634521484,"[52.0, -0.0, 182.0, 2130.0, 40.0, 402.0]"
3,37,17425794.496298473,17425794.496298477,17425794.49629837,107,101,6,2.462841749191284,1.5073134899139404,0.9504384994506836,0.005089759826660156,"[40.0, 1.0, 180.0, 2609.0, 40.0, 274.0]"
3,38,16807415.41401359,16807415.41401358,16807415.41401358,104,95,9,1.93101167678833,1.0680358409881592,0.852489709854126,0.010486125946044922,"[58.0, -0.0, 167.0, 2831.0, 34.0, 243.0]"
3,39,16443770.232125802,16443770.2321258,16443770.2321258,104,96,8,2.3450675010681152,1.4413402080535889,0.8954300880432129,0.008297204971313477,"[37.0, -0.0, 177.0, 2281.0, 40.0, 192.0]"
3,40,17520408.084075555,17520408.084075544,17520408.084075548,88,82,6,1.5956757068634033,0.8134505748748779,0.7767114639282227,0.005513668060302734,"[44.0, 3.0, 161.0, 2543.0, 40.0, 176.0]"
3,41,16038164.235844241,16038164.23584424,16038164.23584424,84,77,7,1.6065428256988525,0.9011914730072021,0.6989572048187256,0.006394147872924805,"[43.0, -0.0, 158.0, 2780.0, 36.0, 191.0]"
3,42,14657922.124324346,14657922.12432435,14657922.124324266,80,73,7,1.5117568969726562,0.8416881561279297,0.662163257598877,0.00790548324584961,"[-0.0, -0.0, 169.0, 2192.0, 34.0, 267.0]"
3,43,16028475.667349039,16028475.667349033,16028475.667349042,124,118,6,2.6515157222747803,1.5653362274169922,1.0807764530181885,0.005403041839599609,"[46.0, -0.0, 158.0, 2218.0, 36.0, 80.0]"
3,44,15802623.180114852,15802623.180114854,15802623.180114854,96,86,10,1.7864103317260742,0.9543435573577881,0.8233375549316406,0.008729219436645508,"[57.0, -0.0, 163.0, 2181.0, 34.0, 75.0]"
3,45,17310338.56754962,17310338.5675496,17310338.5675496,84,72,12,1.5057685375213623,0.8144049644470215,0.6808247566223145,0.010538816452026367,"[69.0, -0.0, 159.0, 2481.0, 33.0, 126.0]"
3,46,15817802.19130886,15817802.191308865,15817802.191308863,96,88,8,2.028520345687866,1.213956594467163,0.8077347278594971,0.006829023361206055,"[46.0, -0.0, 168.0, 2342.0, 34.0, 129.0]"
3,47,20052211.00257899,20052211.002579004,20052211.002579004,85,79,6,1.7429122924804688,0.965803861618042,0.7716200351715088,0.005488395690917969,"[69.0, -0.0, 190.0, 3023.0, 39.0, 16.0]"
3,48,17677233.065249786,17677233.065249793,17677233.065249793,86,78,8,1.8937413692474365,1.1931188106536865,0.6935467720031738,0.007075786590576172,"[49.0, 2.0, 188.0, 2502.0, 38.0, 199.0]"
3,49,17709224.99598109,17709224.995981105,17709224.995981105,94,86,8,2.02854585647583,1.2396786212921143,0.7818574905395508,0.007009744644165039,"[60.0, -0.0, 181.0, 2806.0, 38.0, 110.0]"
3,50,18443384.380119644,18443384.38011965,18443384.38011965,100,94,6,2.1924641132354736,1.3285737037658691,0.8583316802978516,0.00555872917175293,"[61.0, -0.0, 177.0, 2514.0, 39.0, 78.0]"
3,51,21217155.030631553,21217155.030631542,21217155.030631542,72,55,17,0.8281092643737793,0.3198707103729248,0.4938392639160156,0.014399290084838867,"[60.0, -0.0, 179.0, 3693.0, 41.0, 61.0]"
3,52,19283761.242272943,19283761.242272936,19283761.242272936,82,62,20,1.3722622394561768,0.7949488162994385,0.557269811630249,0.020043611526489258,"[68.0, -0.0, 192.0, 2606.0, 40.0, 3.0]"
3,53,20061173.857876804,20061173.857876807,20061173.857876807,93,85,8,2.0573947429656982,1.2506444454193115,0.798004150390625,0.008746147155761719,"[75.0, 1.0, 193.0, 2747.0, 40.0, 157.0]"
3,54,20557555.07703166,20557555.077031642,20557555.077031646,82,75,7,1.6954667568206787,0.9499778747558594,0.7389698028564453,0.0065190792083740234,"[75.0, 1.0, 207.0, 2402.0, 42.0, -0.0]"
3,55,22223956.22668862,22223956.22668863,22223956.22668863,64,49,15,0.9247877597808838,0.4837179183959961,0.4242682456970215,0.01680159568786621,"[84.0, 10.0, 205.0, 2091.0, 44.0, -0.0]"
3,56,22869762.527997322,22869762.527997352,22869762.52799735,95,76,19,2.125147581100464,1.3771121501922607,0.725543737411499,0.0224916934967041,"[57.0, 5.0, 227.0, 2096.0, 45.0, 24.0]"
3,57,29005885.51427178,29005885.51427179,29005885.514271792,51,39,12,0.726402997970581,0.37763309478759766,0.33631038665771484,0.012459516525268555,"[83.0, -0.0, 242.0, -0.0, 55.0, 9.0]"
3,58,28138677.498737667,28138677.498737667,28138677.498737663,46,38,8,0.6274566650390625,0.29799747467041016,0.32229113578796387,0.0071680545806884766,"[94.0, 2.0, 230.0, -0.0, 53.0, -0.0]"
3,59,24355663.033161387,24355663.033161383,24355663.033161387,63,49,14,1.1181654930114746,0.6500678062438965,0.4522664546966553,0.01583123207092285,"[90.0, -0.0, 235.0, 2995.0, 49.0, -0.0]"
3,60,25298563.24519529,25298563.24519529,25298563.24519529,62,51,11,1.2125742435455322,0.7062234878540039,0.4962911605834961,0.010059595108032227,"[92.0, -0.0, 248.0, 1864.0, 48.0, -0.0]"
3,61,26858183.452747744,26858183.452747736,26858183.452747732,71,57,14,1.2431707382202148,0.7412309646606445,0.4890894889831543,0.012850284576416016,"[83.0, -0.0, 247.0, 3019.0, 50.0, -0.0]"
3,62,25634222.218595367,25634222.218595378,25634222.218595378,47,37,10,0.6281979084014893,0.28949427604675293,0.3276824951171875,0.011021137237548828,"[117.0, -0.0, 249.0, -0.0, 40.0, -0.0]"
3,63,26689027.035384685,26689027.03538469,26689027.03538469,38,25,13,0.5691502094268799,0.2869760990142822,0.270704984664917,0.011469125747680664,"[86.0, 1.0, 247.0, -0.0, 48.0, -0.0]"
3,64,28782656.261584196,28782656.261584193,28782656.261584193,51,33,18,0.6410436630249023,0.3113842010498047,0.3120763301849365,0.017583131790161133,"[85.0, -0.0, 246.0, -0.0, 50.0, -0.0]"
3,65,31761084.96576832,31761084.965768304,31761084.965768307,46,36,10,0.5459835529327393,0.23614072799682617,0.30142641067504883,0.008416414260864258,"[98.0, 9.0, 252.0, -0.0, 63.0, -0.0]"
3,66,29595966.32218412,29595966.322184138,29595966.322184138,46,37,9,0.6471776962280273,0.28519463539123535,0.352449893951416,0.009533166885375977,"[90.0, -0.0, 244.0, -0.0, 58.0, -0.0]"
3,67,29182532.939268067,29182532.93926809,29182532.93926809,51,42,9,0.6266040802001953,0.27171969413757324,0.34717679023742676,0.0077075958251953125,"[105.0, -0.0, 246.0, -0.0, 57.0, -0.0]"
3,68,31953416.090164635,31953416.09016464,31953416.09016464,54,40,14,0.6548137664794922,0.2961399555206299,0.3426363468170166,0.016037464141845703,"[122.0, -0.0, 249.0, -0.0, 59.0, -0.0]"
3,69,29622795.34574333,29622795.345743325,29622795.345743325,51,42,9,0.7314867973327637,0.3687620162963867,0.35481834411621094,0.007906436920166016,"[99.0, -0.0, 256.0, -0.0, 60.0, -0.0]"
3,70,26241327.328284483,26241327.32828448,26241327.328284472,43,33,10,0.5516414642333984,0.2331986427307129,0.3066868782043457,0.011755943298339844,"[76.0, -0.0, 233.0, -0.0, 54.0, -0.0]"
3,71,21889673.834229067,21889673.834229093,21889673.83422909,44,32,12,0.49320530891418457,0.21231555938720703,0.2699778079986572,0.010911941528320312,"[107.0, -0.0, 205.0, -0.0, 46.0, 0.0]"
3,72,22028181.198306136,22028181.198306136,22028181.198306136,43,35,8,0.5874712467193604,0.26567864418029785,0.3132801055908203,0.008512496948242188,"[63.0, -0.0, 186.0, -0.0, 50.0, -0.0]"
4,0,26047087.832061738,26047087.832061715,26047087.832061715,46,29,17,0.5116860866546631,0.2554507255554199,0.24189186096191406,0.014343500137329102,"[86.0, 1.0, 254.0, -0.0, 62.0, -0.0]"
4,1,31283421.92228425,31283421.92228425,31283421.92228425,47,37,10,0.5815041065216064,0.22109007835388184,0.35064172744750977,0.009772300720214844,"[100.0, -0.0, 234.0, -0.0, 68.0, -0.0]"
4,2,30854735.95156652,30854735.951566502,30854735.9515665,48,40,8,0.6619486808776855,0.3009319305419922,0.3534395694732666,0.007577180862426758,"[102.0, -0.0, 247.0, -0.0, 61.0, -0.0]"
4,3,31778768.829191282,31778768.829191267,31778768.829191275,53,43,10,0.7879948616027832,0.3760502338409424,0.40170979499816895,0.010234832763671875,"[83.0, 12.0, 256.0, -0.0, 70.0, -0.0]"
4,4,33006522.664473403,33006522.66447337,33006522.664473366,53,44,9,0.6601343154907227,0.26872777938842773,0.3836970329284668,0.007709503173828125,"[90.0, 14.0, 251.0, -0.0, 73.0, 1.0]"
4,5,34156576.33073264,34156576.33073263,34156576.330732636,50,44,6,0.7438268661499023,0.31497859954833984,0.4232769012451172,0.0055713653564453125,"[95.0, -0.0, 252.0, -0.0, 69.0, -0.0]"
4,6,32683277.264786474,32683277.26478646,32683277.26478646,51,43,8,0.680941104888916,0.30101847648620605,0.3725864887237549,0.007336139678955078,"[115.0, -0.0, 260.0, -0.0, 74.0, -0.0]"
4,7,33045526.57953956,33045526.579539575,33045526.579539567,54,44,10,0.7573986053466797,0.34391045570373535,0.40240931510925293,0.011078834533691406,"[149.0, 1.0, 249.0, -0.0, 73.0, -0.0]"
4,8,33251283.422663897,33251283.422663935,33251283.422663935,62,53,9,1.0913550853729248,0.6078774929046631,0.47566795349121094,0.007809638977050781,"[76.0, 24.0, 238.0, 2073.0, 70.0, -0.0]"
4,9,29969433.549330022,29969433.549329996,29969433.549329996,69,60,9,1.169945240020752,0.6061108112335205,0.5553874969482422,0.008446931838989258,"[107.0, -0.0, 249.0, 3461.0, 66.0, -0.0]"
4,10,29335473.39452561,29335473.394525606,29335473.394525606,77,67,10,1.4874415397644043,0.8650810718536377,0.6131505966186523,0.009209871292114258,"[88.0, 4.0, 243.0, 3302.0, 64.0, -0.0]"
4,11,27080523.14145828,27080523.141458306,27080523.141458303,73,61,12,1.384669303894043,0.7986400127410889,0.575721263885498,0.010308027267456055,"[70.0, 9.0, 251.0, 3260.0, 62.0, -0.0]"
4,12,28335724.44464225,28335724.44464224,28335724.44464224,70,60,10,1.1705451011657715,0.6472072601318359,0.515012264251709,0.008325576782226562,"[97.0, -0.0, 223.0, 3975.0, 60.0, -0.0]"
4,13,23489222.542684548,23489222.542684555,23489222.542684555,76,65,11,1.421978235244751,0.8353259563446045,0.575139045715332,0.011513233184814453,"[65.0, 2.0, 226.0, 2659.0, 55.0, 18.0]"
4,14,24537275.69054854,24537275.69054851,24537275.690548506,69,59,10,1.3894264698028564,0.8192286491394043,0.5577518939971924,0.012445926666259766,"[72.0, 1.0, 238.0, 3265.0, 55.0, -0.0]"
4,15,23208052.78681407,23208052.786814056,23208052.786814053,81,71,10,1.5775892734527588,0.9029819965362549,0.663083553314209,0.011523723602294922,"[75.0, 1.0, 229.0, 2579.0, 53.0, -0.0]"
4,16,24662755.564500965,24662755.564500954,24662755.56450095,75,65,10,1.3073680400848389,0.7002065181732178,0.5986006259918213,0.008560895919799805,"[98.0, -0.0, 223.0, 2531.0, 58.0, -0.0]"
4,17,23558447.156528227,23558447.156528234,23558447.156528234,78,66,12,1.3447914123535156,0.7489643096923828,0.5856671333312988,0.010159969329833984,"[67.0, -0.0, 215.0, 3621.0, 53.0, -0.0]"
4,18,21189248.60992637,21189248.609926373,21189248.60992637,76,61,15,1.3163249492645264,0.7514536380767822,0.5518434047698975,0.01302790641784668,"[65.0, -0.0, 191.0, 2698.0, 52.0, 104.0]"
4,19,20324565.100870986,20324565.100870997,20324565.100870967,104,93,11,2.1096010208129883,1.2143383026123047,0.8850643634796143,0.010198354721069336,"[-0.0, 17.0, 184.0, 2497.0, 46.0, 439.0]"
4,20,18126230.692286234,18126230.692286268,18126230.69228627,104,94,10,2.1806483268737793,1.3149638175964355,0.8566179275512695,0.009066581726074219,"[46.0, 14.0, 171.0, 2306.0, 39.0, 217.0]"
4,21,17353277.912773166,17353277.91277317,17353277.91277317,71,63,8,1.0684502124786377,0.4831998348236084,0.5780129432678223,0.007237434387207031,"[62.0, -0.0, 170.0, 2233.0, 40.0, -0.0]"
4,22,17844324.545853395,17844324.545853414,17844324.545853414,113,107,6,2.4984264373779297,1.4903299808502197,1.002150535583496,0.005945920944213867,"[52.0, 3.0, 169.0, 2297.0, 39.0, 35.0]"
4,23,19210399.622772664,19210399.622772686,19210399.62277269,92,85,7,1.907444953918457,1.158904790878296,0.7426173686981201,0.005922794342041016,"[58.0, -0.0, 185.0, 2938.0, 42.0, 101.0]"
4,24,16549886.033973323,16549886.033973332,16549886.033973329,69,50,19,0.9162054061889648,0.42337775230407715,0.47658824920654297,0.016239404678344727,"[56.0, -0.0, 170.0, 2432.0, 39.0, -0.0]"
4,25,16408315.113327542,16408315.113327544,16408315.113327544,108,100,8,2.1437079906463623,1.20005464553833,0.9354636669158936,0.008189678192138672,"[52.0, 10.0, 162.0, 2391.0, 37.0, 147.0]"
4,26,16210636.112717444,16210636.112717435,16210636.112717435,89,83,6,1.5112214088439941,0.7248785495758057,0.7810530662536621,0.005289793014526367,"[60.0, -0.0, 170.0, 2128.0, 37.0, 129.0]"
4,27,16985094.081602007,16985094.081602015,16985094.081602015,110,102,8,2.619818687438965,1.7153992652893066,0.8965554237365723,0.007863998413085938,"[46.0, 20.0, 165.0, 2637.0, 38.0, 295.0]"
4,28,15428866.189266153,15428866.18926616,15428866.189266156,100,92,8,2.1959080696105957,1.3719842433929443,0.8169443607330322,0.006979465484619141,"[57.0, -0.0, 176.0, 2300.0, 37.0, 274.0]"
4,29,17804265.43480101,17804265.434800975,17804265.434800975,96,90,6,2.266935110092163,1.4170448780059814,0.8449993133544922,0.004890918731689453,"[45.0, -0.0, 176.0, 3181.0, 38.0, 222.0]"
4,30,16440999.330924276,16440999.330924274,16440999.330924276,100,93,7,1.8662171363830566,1.0073540210723877,0.8515968322753906,0.00726628303527832,"[46.0, 4.0, 166.0, 2592.0, 39.0, 119.0]"
4,31,15949531.010276351,15949531.010276342,15949531.01027634,106,99,7,1.962083101272583,1.059877634048462,0.8940801620483398,0.00812530517578125,"[62.0, -0.0, 174.0, 2514.0, 35.0, 385.0]"
4,32,15833845.116530396,15833845.116530422,15833845.116530418,96,88,8,1.8232383728027344,0.978980541229248,0.8354108333587646,0.00884699821472168,"[60.0, 1.0, 162.0, 2314.0, 38.0, 122.0]"
4,33,18452589.33319558,18452589.333195597,18452589.33319546,94,88,6,2.1116085052490234,1.2689857482910156,0.8359315395355225,0.0066912174224853516,"[45.0, 1.0, 177.0, 3290.0, 38.0, 245.0]"
4,34,17520820.193474054,17520820.193474066,17520820.193474066,102,96,6,2.1781961917877197,1.3375144004821777,0.8347101211547852,0.005971670150756836,"[60.0, 18.0, 163.0, 3120.0, 36.0, 301.0]"
4,35,16250464.717147708,16250464.717147708,16250464.717147708,119,110,9,3.116677761077881,2.0998616218566895,1.008521556854248,0.00829458236694336,"[24.0, 2.0, 185.0, 2414.0, 37.0, 481.0]"
4,36,16991187.066727255,16991187.06672726,16991187.06672726,103,98,5,2.478597640991211,1.5311028957366943,0.942124605178833,0.005370140075683594,"[52.0, -0.0, 182.0, 2130.0, 40.0, 402.0]"
4,37,17425794.496298473,17425794.496298477,17425794.49629837,107,101,6,2.439413070678711,1.481327772140503,0.9514899253845215,0.0065953731536865234,"[40.0, 1.0, 180.0, 2609.0, 40.0, 274.0]"
4,38,16807415.41401359,16807415.41401358,16807415.41401358,104,95,9,1.9382247924804688,1.0750532150268555,0.8554339408874512,0.007737636566162109,"[58.0, -0.0, 167.0, 2831.0, 34.0, 243.0]"
4,39,16443770.232125802,16443770.2321258,16443770.2321258,104,96,8,2.209376573562622,1.335240364074707,0.8671236038208008,0.007012605667114258,"[37.0, -0.0, 177.0, 2281.0, 40.0, 192.0]"
4,40,17520408.084075555,17520408.084075544,17520408.084075548,88,82,6,1.4748413562774658,0.7403068542480469,0.7290534973144531,0.00548100471496582,"[44.0, 3.0, 161.0, 2543.0, 40.0, 176.0]"
4,41,16038164.235844241,16038164.23584424,16038164.23584424,84,77,7,1.5313820838928223,0.8252298831939697,0.6999194622039795,0.006232738494873047,"[43.0, -0.0, 158.0, 2780.0, 36.0, 191.0]"
4,42,14657922.124324346,14657922.12432435,14657922.124324266,80,73,7,1.4529235363006592,0.8088021278381348,0.6379752159118652,0.00614619255065918,"[-0.0, -0.0, 169.0, 2192.0, 34.0, 267.0]"
4,43,16028475.667349039,16028475.667349033,16028475.667349042,124,118,6,2.6136972904205322,1.5388882160186768,1.0694606304168701,0.0053484439849853516,"[46.0, -0.0, 158.0, 2218.0, 36.0, 80.0]"
4,44,15802623.180114852,15802623.180114854,15802623.180114854,96,86,10,1.685917854309082,0.8791196346282959,0.7979261875152588,0.008872032165527344,"[57.0, -0.0, 163.0, 2181.0, 34.0, 75.0]"
4,45,17310338.56754962,17310338.5675496,17310338.5675496,84,72,12,1.3975789546966553,0.7392258644104004,0.6464898586273193,0.011863231658935547,"[69.0, -0.0, 159.0, 2481.0, 33.0, 126.0]"
4,46,15817802.19130886,15817802.191308865,15817802.191308863,96,88,8,1.942964792251587,1.1153960227966309,0.8204069137573242,0.007161855697631836,"[46.0, -0.0, 168.0, 2342.0, 34.0, 129.0]"
4,47,20052211.00257899,20052211.002579004,20052211.002579004,85,79,6,1.6830174922943115,0.9287779331207275,0.7489359378814697,0.005303621292114258,"[69.0, -0.0, 190.0, 3023.0, 39.0, 16.0]"
4,48,17677233.065249786,17677233.065249793,17677233.065249793,86,78,8,1.9113256931304932,1.1749579906463623,0.7291374206542969,0.007230281829833984,"[49.0, 2.0, 188.0, 2502.0, 38.0, 199.0]"
4,49,17709224.99598109,17709224.995981105,17709224.995981105,94,86,8,1.999260663986206,1.174705982208252,0.8176093101501465,0.006945371627807617,"[60.0, -0.0, 181.0, 2806.0, 38.0, 110.0]"
4,50,18443384.380119644,18443384.38011965,18443384.38011965,100,94,6,2.143815040588379,1.2499680519104004,0.8883800506591797,0.005466938018798828,"[61.0, -0.0, 177.0, 2514.0, 39.0, 78.0]"
4,51,21217155.030631553,21217155.030631542,21217155.030631542,72,55,17,0.7864642143249512,0.2951853275299072,0.4754636287689209,0.015815258026123047,"[60.0, -0.0, 179.0, 3693.0, 41.0, 61.0]"
4,52,19283761.242272943,19283761.242272936,19283761.242272936,82,62,20,1.3458428382873535,0.7592604160308838,0.568925142288208,0.01765727996826172,"[68.0, -0.0, 192.0, 2606.0, 40.0, 3.0]"
4,53,20061173.857876804,20061173.857876807,20061173.857876807,93,85,8,1.8916094303131104,1.129014492034912,0.7549147605895996,0.007680177688598633,"[75.0, 1.0, 193.0, 2747.0, 40.0, 157.0]"
4,54,20557555.07703166,20557555.077031642,20557555.077031646,82,75,7,1.5704700946807861,0.9090056419372559,0.655341625213623,0.0061228275299072266,"[75.0, 1.0, 207.0, 2402.0, 42.0, -0.0]"
4,55,22223956.22668862,22223956.22668863,22223956.22668863,64,49,15,0.899932861328125,0.47348904609680176,0.4131639003753662,0.013279914855957031,"[84.0, 10.0, 205.0, 2091.0, 44.0, -0.0]"
4,56,22869762.527997322,22869762.527997352,22869762.52799735,95,76,19,2.00240159034729,1.330733060836792,0.6523768901824951,0.01929163932800293,"[57.0, 5.0, 227.0, 2096.0, 45.0, 24.0]"
4,57,29005885.51427178,29005885.51427179,29005885.514271792,51,39,12,0.6944355964660645,0.342099666595459,0.340381383895874,0.011954545974731445,"[83.0, -0.0, 242.0, -0.0, 55.0, 9.0]"
4,58,28138677.498737667,28138677.498737667,28138677.498737663,46,38,8,0.607166051864624,0.26416563987731934,0.3359386920928955,0.00706171989440918,"[94.0, 2.0, 230.0, -0.0, 53.0, -0.0]"
4,59,24355663.033161387,24355663.033161383,24355663.033161387,63,49,14,1.0217127799987793,0.5891575813293457,0.417741060256958,0.014814138412475586,"[90.0, -0.0, 235.0, 2995.0, 49.0, -0.0]"
4,60,25298563.24519529,25298563.24519529,25298563.24519529,62,51,11,1.0966851711273193,0.6409308910369873,0.44487833976745605,0.010875940322875977,"[92.0, -0.0, 248.0, 1864.0, 48.0, -0.0]"
4,61,26858183.452747744,26858183.452747736,26858183.452747732,71,57,14,1.2197296619415283,0.708704948425293,0.49881839752197266,0.012206315994262695,"[83.0, -0.0, 247.0, 3019.0, 50.0, -0.0]"
4,62,25634222.218595367,25634222.218595378,25634222.218595378,47,37,10,0.5898337364196777,0.27589893341064453,0.30379176139831543,0.010143041610717773,"[117.0, -0.0, 249.0, -0.0, 40.0, -0.0]"
4,63,26689027.035384685,26689027.03538469,26689027.03538469,38,25,13,0.534337043762207,0.28058624267578125,0.24251842498779297,0.011232376098632812,"[86.0, 1.0, 247.0, -0.0, 48.0, -0.0]"
4,64,28782656.261584196,28782656.261584193,28782656.261584193,51,33,18,0.598574161529541,0.30048108100891113,0.28136181831359863,0.01673126220703125,"[85.0, -0.0, 246.0, -0.0, 50.0, -0.0]"
4,65,31761084.96576832,31761084.965768304,31761084.965768307,46,36,10,0.5472919940948486,0.22992801666259766,0.3087472915649414,0.00861668586730957,"[98.0, 9.0, 252.0, -0.0, 63.0, -0.0]"
4,66,29595966.32218412,29595966.322184138,29595966.322184138,46,37,9,0.5893335342407227,0.2594313621520996,0.3201863765716553,0.009715795516967773,"[90.0, -0.0, 244.0, -0.0, 58.0, -0.0]"
4,67,29182532.939268067,29182532.93926809,29182532.93926809,51,42,9,0.6677112579345703,0.29309844970703125,0.3663959503173828,0.00821685791015625,"[105.0, -0.0, 246.0, -0.0, 57.0, -0.0]"
4,68,31953416.090164635,31953416.09016464,31953416.09016464,54,40,14,0.6596450805664062,0.2880716323852539,0.3582925796508789,0.013280868530273438,"[122.0, -0.0, 249.0, -0.0, 59.0, -0.0]"
4,69,29622795.34574333,29622795.345743325,29622795.345743325,51,42,9,0.7090203762054443,0.35301756858825684,0.3477206230163574,0.008282184600830078,"[99.0, -0.0, 256.0, -0.0, 60.0, -0.0]"
4,70,26241327.328284483,26241327.32828448,26241327.328284472,43,33,10,0.5153594017028809,0.21864748001098633,0.2859046459197998,0.010807275772094727,"[76.0, -0.0, 233.0, -0.0, 54.0, -0.0]"
4,71,21889673.834229067,21889673.834229093,21889673.83422909,44,32,12,0.47240519523620605,0.19832515716552734,0.2619047164916992,0.012175321578979492,"[107.0, -0.0, 205.0, -0.0, 46.0, 0.0]"
4,72,22028181.198306136,22028181.198306136,22028181.198306136,43,35,8,0.5706403255462646,0.2525475025177002,0.31149840354919434,0.006594419479370117,"[63.0, -0.0, 186.0, -0.0, 50.0, -0.0]"
